{
  "ground_truth_rule": "Held-out test split (size=250). Positives = coverage_drop >= pool quantile 0.75 (threshold=0.0974).",
  "n_test_positives": 13,
  "n_test_critical_positives": 7,
  "n_test": 250,
  "recall_at_k": {
    "baseline": {
      "recall@5": 0.23076923076923078,
      "recall@10": 0.38461538461538464,
      "recall@20": 0.5384615384615384,
      "recall@50": 0.6923076923076923
    },
    "iso": {
      "recall@5": 0.3076923076923077,
      "recall@10": 0.38461538461538464,
      "recall@20": 0.46153846153846156,
      "recall@50": 0.6923076923076923
    },
    "model": {
      "recall@5": 0.38461538461538464,
      "recall@10": 0.6153846153846154,
      "recall@20": 0.9230769230769231,
      "recall@50": 1.0
    }
  },
  "recall_at_k_95ci": {
    "baseline": {
      "recall@5": {
        "mean": 0.22487011322011322,
        "lo": 0.0,
        "hi": 0.42857142857142855
      },
      "recall@10": {
        "mean": 0.3917035991785992,
        "lo": 0.16666666666666666,
        "hi": 0.625
      },
      "recall@20": {
        "mean": 0.527768697968698,
        "lo": 0.2857142857142857,
        "hi": 0.75
      },
      "recall@50": {
        "mean": 0.6665418192918192,
        "lo": 0.444047619047619,
        "hi": 0.875
      }
    },
    "iso": {
      "recall@5": {
        "mean": 0.2733694388944389,
        "lo": 0.1111111111111111,
        "hi": 0.5
      },
      "recall@10": {
        "mean": 0.35956092241092247,
        "lo": 0.1660714285714286,
        "hi": 0.5714285714285714
      },
      "recall@20": {
        "mean": 0.48181997446997443,
        "lo": 0.25,
        "hi": 0.7142857142857143
      },
      "recall@50": {
        "mean": 0.6844701603951604,
        "lo": 0.4444444444444444,
        "hi": 0.8888888888888888
      }
    },
    "model": {
      "recall@5": {
        "mean": 0.39590415417915414,
        "lo": 0.2,
        "hi": 0.6260416666666657
      },
      "recall@10": {
        "mean": 0.6051466339216338,
        "lo": 0.375,
        "hi": 0.8888888888888888
      },
      "recall@20": {
        "mean": 0.93206452991453,
        "lo": 0.6666666666666666,
        "hi": 1.0
      },
      "recall@50": {
        "mean": 1.0,
        "lo": 1.0,
        "hi": 1.0
      }
    }
  },
  "spearman_vs_true_coverage_drop": {
    "baseline": 0.4684898543476605,
    "iso": 0.49568121382540087,
    "model": 0.6592053445183272
  },
  "critical_recall_at_k": {
    "baseline": {
      "recall@5": 0.5714285714285714,
      "recall@10": 0.5714285714285714,
      "recall@20": 0.8571428571428571,
      "recall@50": 1.0
    },
    "iso": {
      "recall@5": 0.5714285714285714,
      "recall@10": 0.7142857142857143,
      "recall@20": 1.0,
      "recall@50": 1.0
    },
    "model": {
      "recall@5": 0.5714285714285714,
      "recall@10": 0.7142857142857143,
      "recall@20": 1.0,
      "recall@50": 1.0
    }
  },
  "critical_naics_definition": {
    "n_codes": 18,
    "codes": {
      "336411": "Aircraft Manufacturing",
      "336412": "Aircraft Engine and Engine Parts Manufacturing",
      "336413": "Other Aircraft Parts and Auxiliary Equipment Manufacturing",
      "336414": "Guided Missile and Space Vehicle Manufacturing",
      "336415": "Guided Missile and Space Vehicle Propulsion Unit Mfg",
      "336419": "Other Guided Missile and Space Vehicle Parts Mfg",
      "336992": "Military Armored Vehicle, Tank, and Tank Component Mfg",
      "336611": "Ship Building and Repairing",
      "333611": "Turbine and Turbine Generator Set Units Manufacturing",
      "332992": "Small Arms Ammunition Manufacturing",
      "332993": "Ammunition (except Small Arms) Manufacturing",
      "332994": "Small Arms, Ordnance, and Ordnance Accessories Mfg",
      "332995": "Other Ordnance and Accessories Manufacturing",
      "334413": "Semiconductor and Related Device Manufacturing",
      "334418": "Printed Circuit Assembly (Electronic Assembly) Mfg",
      "334511": "Search, Detection, Navigation, Guidance, Aeronautical Systems Mfg",
      "334515": "Instrument Mfg for Measuring and Testing Electricity",
      "325920": "Explosives Manufacturing"
    },
    "provenance": "DoD USD(R&E) Critical Technology Areas (2022/2023) + DPA Title III categories + NDAA 2022 Sec. 855"
  },
  "top_chokepoints": [
    {
      "vendor": "ATLANTIC DIVING SUPPLY",
      "model_score": 1.0,
      "iso_score": 0.9344708408133262,
      "baseline_score": 0.6354180934245807,
      "coverage_drop": 0.09743589743589744,
      "split": "train",
      "top_vulnerable_naics": [
        "SPORTING AND RECREATIONAL GOODS AND SUPPLIES MERCHANT WHOLESALERS",
        "SPORTING GOODS RETAILERS",
        "ALL OTHER MISCELLANEOUS RETAILERS",
        "MEDICINAL AND BOTANICAL MANUFACTURING",
        "SERVICE ESTABLISHMENT EQUIPMENT AND SUPPLIES MERCHANT WHOLESALERS"
      ]
    },
    {
      "vendor": "LOCKHEED MARTIN",
      "model_score": 0.5734907568686306,
      "iso_score": 1.0,
      "baseline_score": 0.26558627871983265,
      "coverage_drop": 0.0876068376068376,
      "split": "train",
      "top_vulnerable_naics": [
        "SOFTWARE AND OTHER PRERECORDED COMPACT DISC, TAPE, AND RECORD REPRODUCING",
        "ROLLING MILL AND OTHER METALWORKING MACHINERY MANUFACTURING",
        "RELAY AND INDUSTRIAL CONTROL MANUFACTURING",
        "NONFERROUS METAL (EXCEPT COPPER AND ALUMINUM) ROLLING, DRAWING, AND EXTRUDING",
        "NONFERROUS FORGING"
      ]
    },
    {
      "vendor": "NORTHROP GRUMMAN SYSTEMS",
      "model_score": 0.5626110330400936,
      "iso_score": 0.9949179465367886,
      "baseline_score": 0.35644325841777635,
      "coverage_drop": 0.12678571428571428,
      "split": "test",
      "top_vulnerable_naics": [
        "ALL OTHER MISCELLANEOUS GENERAL PURPOSE MACHINERY MANUFACTURING",
        "AUDIO AND VIDEO EQUIPMENT MANUFACTURING",
        "ALL OTHER RUBBER PRODUCT MANUFACTURING",
        "CUTTING TOOL AND MACHINE TOOL ACCESSORY MANUFACTURING",
        "FLUID POWER CYLINDER AND ACTUATOR MANUFACTURING"
      ]
    },
    {
      "vendor": "ECOLOGY MIR",
      "model_score": 0.5378251864954122,
      "iso_score": 0.8089896549595598,
      "baseline_score": 0.07294411342662727,
      "coverage_drop": 0.32142857142857145,
      "split": "train",
      "top_vulnerable_naics": [
        "PASSENGER CAR RENTAL",
        "CONSTRUCTION, MINING, AND FORESTRY MACHINERY AND EQUIPMENT RENTAL AND LEASING",
        "CATERERS",
        "REMEDIATION SERVICES",
        "TRUCK, UTILITY TRAILER, AND RV (RECREATIONAL VEHICLE) RENTAL AND LEASING"
      ]
    },
    {
      "vendor": "RAYTHEON",
      "model_score": 0.5360774256360896,
      "iso_score": 0.9862430997487147,
      "baseline_score": 0.27090816371118565,
      "coverage_drop": 0.15208333333333332,
      "split": "test",
      "top_vulnerable_naics": [
        "SPACE RESEARCH AND TECHNOLOGY",
        "FLUID POWER VALVE AND HOSE FITTING MANUFACTURING",
        "POTTERY, CERAMICS, AND PLUMBING FIXTURE MANUFACTURING",
        "PLASTICS PIPE AND PIPE FITTING MANUFACTURING",
        "OTHER MOTOR VEHICLE PARTS MANUFACTURING"
      ]
    },
    {
      "vendor": "GENERAL DYNAMICS MISSION SYSTEMS",
      "model_score": 0.5089344020294546,
      "iso_score": 0.9393617367936736,
      "baseline_score": 0.257467548711623,
      "coverage_drop": 0.10493827160493827,
      "split": "test",
      "top_vulnerable_naics": [
        "FIBER OPTIC CABLE MANUFACTURING",
        "RESIDENTIAL ELECTRIC LIGHTING FIXTURE MANUFACTURING",
        "ALL OTHER MISCELLANEOUS CHEMICAL PRODUCT AND PREPARATION MANUFACTURING",
        "ELECTRIC LAMP BULB AND OTHER LIGHTING EQUIPMENT MANUFACTURING",
        "CARBON AND GRAPHITE PRODUCT MANUFACTURING"
      ]
    },
    {
      "vendor": "B & H INTERNATIONAL",
      "model_score": 0.503053546761966,
      "iso_score": 0.7573268385331556,
      "baseline_score": 0.07051974505777323,
      "coverage_drop": 0.3076923076923077,
      "split": "test",