{
  "ground_truth_rule": "Held-out test split (size=250). Positives = coverage_drop >= pool quantile 0.75 (threshold=0.0363).",
  "n_test_positives": 10,
  "n_test_critical_positives": 3,
  "n_test": 250,
  "recall_at_k": {
    "baseline": {
      "recall@5": 0.2,
      "recall@10": 0.4,
      "recall@20": 0.4,
      "recall@50": 0.4
    },
    "iso": {
      "recall@5": 0.1,
      "recall@10": 0.2,
      "recall@20": 0.5,
      "recall@50": 0.8
    },
    "model": {
      "recall@5": 0.4,
      "recall@10": 0.8,
      "recall@20": 0.9,
      "recall@50": 1.0
    }
  },
  "recall_at_k_95ci": {
    "baseline": {
      "recall@5": {
        "mean": 0.23750555555555553,
        "lo": 0.0,
        "hi": 0.5
      },
      "recall@10": {
        "mean": 0.3877297619047619,
        "lo": 0.1660714285714286,
        "hi": 0.6666666666666666
      },
      "recall@20": {
        "mean": 0.39778769841269845,
        "lo": 0.16666666666666666,
        "hi": 0.6666666666666666
      },
      "recall@50": {
        "mean": 0.43817420634920634,
        "lo": 0.16666666666666666,
        "hi": 0.75
      }
    },
    "iso": {
      "recall@5": {
        "mean": 0.0838813492063492,
        "lo": 0.0,
        "hi": 0.2857142857142857
      },
      "recall@10": {
        "mean": 0.19964761904761902,
        "lo": 0.0,
        "hi": 0.5
      },
      "recall@20": {
        "mean": 0.48046984126984127,
        "lo": 0.16666666666666666,
        "hi": 0.8
      },
      "recall@50": {
        "mean": 0.7821099206349206,
        "lo": 0.5,
        "hi": 1.0
      }
    },
    "model": {
      "recall@5": {
        "mean": 0.4432535714285714,
        "lo": 0.2,
        "hi": 0.8
      },
      "recall@10": {
        "mean": 0.7210638888888888,
        "lo": 0.42857142857142855,
        "hi": 1.0
      },
      "recall@20": {
        "mean": 0.8974769841269843,
        "lo": 0.7142857142857143,
        "hi": 1.0
      },
      "recall@50": {
        "mean": 1.0,
        "lo": 1.0,
        "hi": 1.0
      }
    }
  },
  "spearman_vs_true_coverage_drop": {
    "baseline": 0.47471583978615417,
    "iso": 0.498333783824894,
    "model": 0.6504686158888844
  },
  "critical_recall_at_k": {
    "baseline": {
      "recall@5": 0.3333333333333333,
      "recall@10": 1.0,
      "recall@20": 1.0,
      "recall@50": 1.0
    },
    "iso": {
      "recall@5": 0.3333333333333333,
      "recall@10": 0.3333333333333333,
      "recall@20": 1.0,
      "recall@50": 1.0
    },
    "model": {
      "recall@5": 0.6666666666666666,
      "recall@10": 0.6666666666666666,
      "recall@20": 1.0,
      "recall@50": 1.0
    }
  },
  "critical_naics_definition": {
    "n_codes": 18,
    "codes": {
      "336411": "Aircraft Manufacturing",
      "336412": "Aircraft Engine and Engine Parts Manufacturing",
      "336413": "Other Aircraft Parts and Auxiliary Equipment Manufacturing",
      "336414": "Guided Missile and Space Vehicle Manufacturing",
      "336415": "Guided Missile and Space Vehicle Propulsion Unit Mfg",
      "336419": "Other Guided Missile and Space Vehicle Parts Mfg",
      "336992": "Military Armored Vehicle, Tank, and Tank Component Mfg",
      "336611": "Ship Building and Repairing",
      "333611": "Turbine and Turbine Generator Set Units Manufacturing",
      "332992": "Small Arms Ammunition Manufacturing",
      "332993": "Ammunition (except Small Arms) Manufacturing",
      "332994": "Small Arms, Ordnance, and Ordnance Accessories Mfg",
      "332995": "Other Ordnance and Accessories Manufacturing",
      "334413": "Semiconductor and Related Device Manufacturing",
      "334418": "Printed Circuit Assembly (Electronic Assembly) Mfg",
      "334511": "Search, Detection, Navigation, Guidance, Aeronautical Systems Mfg",
      "334515": "Instrument Mfg for Measuring and Testing Electricity",
      "325920": "Explosives Manufacturing"
    },
    "provenance": "DoD USD(R&E) Critical Technology Areas (2022/2023) + DPA Title III categories + NDAA 2022 Sec. 855"
  },
  "top_chokepoints": [
    {
      "vendor": "MISCELLANEOUS FOREIGN AWARDEES",
      "model_score": 1.0,
      "iso_score": 0.923612616267892,
      "baseline_score": 0.10527186174973514,
      "coverage_drop": 0.1627680311890838,
      "split": "train",
      "top_vulnerable_naics": [
        "BED-AND-BREAKFAST INNS",
        "FARM AND GARDEN MACHINERY AND EQUIPMENT MERCHANT WHOLESALERS",
        "ETHYL ALCOHOL MANUFACTURING",
        "INSURANCE AGENCIES AND BROKERAGES",
        "SCENIC AND SIGHTSEEING TRANSPORTATION, LAND"
      ]
    },
    {
      "vendor": "BAHFED",
      "model_score": 0.2960303983632023,
      "iso_score": 0.8497843054968878,
      "baseline_score": 0.10592333599252539,
      "coverage_drop": 0.10440613026819924,
      "split": "train",
      "top_vulnerable_naics": [
        "MOTOR VEHICLE BRAKE SYSTEM MANUFACTURING",
        "PHOTOGRAPHIC AND PHOTOCOPYING EQUIPMENT MANUFACTURING",
        "MOTOR VEHICLE STEERING AND SUSPENSION COMPONENTS (EXCEPT SPRING) MANUFACTURING",
        "MOTOR VEHICLE BODY MANUFACTURING",
        "ELECTRIC POWER DISTRIBUTION"
      ]
    },
    {
      "vendor": "NORTHROP GRUMMAN SYSTEMS",
      "model_score": 0.25868143929206006,
      "iso_score": 1.0,
      "baseline_score": 0.05184895342477175,
      "coverage_drop": 0.04772079772079772,
      "split": "train",
      "top_vulnerable_naics": [
        "OTHER CHEMICAL AND ALLIED PRODUCTS MERCHANT WHOLESALERS",
        "RAILROAD ROLLING STOCK MANUFACTURING",
        "SMALL ARMS AMMUNITION MANUFACTURING",
        "ALL OTHER MISCELLANEOUS GENERAL PURPOSE MACHINERY MANUFACTURING",
        "NONSCHEDULED CHARTERED FREIGHT AIR TRANSPORTATION"
      ]
    },
    {
      "vendor": "RAYTHEON",
      "model_score": 0.21361679734759784,
      "iso_score": 0.9972324739947411,
      "baseline_score": 0.04282451466336083,
      "coverage_drop": 0.043215211754537596,
      "split": "train",
      "top_vulnerable_naics": [
        "PUMP AND PUMPING EQUIPMENT MANUFACTURING",
        "ELECTRONICS AND APPLIANCE RETAILERS",
        "PLATE WORK MANUFACTURING",
        "INDUSTRIAL PROCESS FURNACE AND OVEN MANUFACTURING",
        "BOOK PUBLISHERS"
      ]
    },
    {
      "vendor": "ECOLOGY MIR",
      "model_score": 0.19882476884572317,
      "iso_score": 0.7806850379929947,
      "baseline_score": 0.022995956507318126,
      "coverage_drop": 0.09558823529411764,
      "split": "train",
      "top_vulnerable_naics": [
        "LESSORS OF MINIWAREHOUSES AND SELF-STORAGE UNITS",
        "PREFABRICATED WOOD BUILDING MANUFACTURING",
        "REFRIGERATED WAREHOUSING AND STORAGE",
        "CONSTRUCTION SAND AND GRAVEL MINING",
        "SPECIALIZED FREIGHT (EXCEPT USED GOODS) TRUCKING, LOCAL"
      ]
    },
    {
      "vendor": "CENMED ENTERPRISES",
      "model_score": 0.19845101110153485,
      "iso_score": 0.799381660870525,
      "baseline_score": 0.026757167621502192,
      "coverage_drop": 0.07259953161592506,
      "split": "train",
      "top_vulnerable_naics": [
        "KNIT FABRIC MILLS",
        "OTHER PROFESSIONAL EQUIPMENT AND SUPPLIES MERCHANT WHOLESALERS",
        "DRUGS AND DRUGGISTS' SUNDRIES MERCHANT WHOLESALERS",
        "DIAGNOSTIC IMAGING CENTERS",
        "PLASTICS BOTTLE MANUFACTURING"
      ]
    },
    {
      "vendor": "AANTILIA",
      "model_score": 0.18979092916991858,
      "iso_score": 0.8234282559000051,
      "baseline_score": 0.040651388365035436,
      "coverage_drop": 0.07115009746588694,
      "split": "test",
      "top_vulnerable_naics": [
        "NEW CAR DEALERS",
        "OIL AND GAS FIELD MACHINERY AND EQUIPMENT MANUFACTURING",
        "STEEL INVESTMENT FOUNDRIES",
        "OFFICE EQUIPMENT MERCHANT WHOLESALERS",
        "SEMICONDUCTOR MACHINERY MANUFACTURING"
      ]
    },
    {
      "vendor": "SANFORD FEDERAL",
      "model_score": 0.18386686402440922,
      "iso_score": 0.7846087188216393,
      "baseline_score": 0.035765968870915814,
      "coverage_drop": 0.06323529411764706,